id,description,room_type,surface_approx_m2,type_prestation,image_quality,elements_visibles,materiaux_visibles,localisation
IC_01,"Vue extérieure d'une extension de maison en cours de construction ou rénovation, avec une grande baie vitrée coulissante posée, un mur mixte en parpaings, des plaques d'isolation gris foncé et un enduit de façade partiel.",extérieur,18.0,"Pose fenêtre, Isolation mur intérieur, Préparation murs",good,"Baie vitrée coulissante en PVC/Aluminium blanc, Niveau à bulle, Bouteilles de gaz de chantier, Conduit de réservation PVC noir","Parpaings de béton, Panneaux d'isolant synthétique gris (PSE), Briques rouges",Lille
IC_02,Vue rapprochée d'une toiture en tuiles avec une souche de cheminée en briques et une bande de solin métallique froissée ou partiellement décollée.,extérieur,10.0,"Réparation toiture, Zinguerie, Étanchéité",good,"Souche de cheminée, Solin d'étanchéité, Couverture de toit","Tuiles en terre cuite, Briques rouges, Métal, Mortier",Roubaix
IC_03,"Vue en plongée d'un pan de toiture en cours de rénovation, recouvert d'un écran de sous-toiture gris fixé avec une bande adhésive bleue, avec un ouvrier travaillant au niveau de l'égout de toit.",extérieur,15.0,"Réfection de toiture, Pose d'écran de sous-toiture",good,"Écran de sous-toiture, Liteaux, Ouvrier, Toitures voisines","Membrane synthétique, Bois de charpente, Bande adhésive",Paris
IC_04,Vue extérieure montrant un stockage de panneaux d'isolation thermique rigides empilés sur l'herbe à côté d'un fourgon utilitaire.,extérieur,7.0,Isolation thermique,good,"Panneaux isolants, Fourgon utilitaire, Muret, Bâtiments","Panneaux d'isolation rigide, Parpaings, Briques",Lyon
IC_05,Vue extérieure montrant un stockage de panneaux d'isolation thermique rigides empilés sur l'herbe à côté d'un fourgon utilitaire.,extérieur,20.0,Isolation thermique,good,"Panneaux isolants, Fourgon utilitaire, Muret, Bâtiments","Panneaux d'isolation rigide, Parpaings, Briques",Bruxelles
IC_06,"Vue en plongée d'un pan de toiture en cours de réfection, montrant une grille de liteaux en bois posés sur des panneaux d'isolation rigides avec un écran de sous-toiture visible au premier plan.",extérieur,20.0,"Réfection de toiture, Isolation de toiture, Pose de charpente",medium,"Structure de liteaux, Panneaux d'isolation, Écran de sous-toiture, Bâtiments voisins","Bois de charpente, Panneaux isolants rigides avec parement aluminium, Membrane synthétique",Liège
IC_07,Vue extérieure d'un bas de façade en cours de maçonnerie avec pose de briques de parement rouge maintenues par des cales blanches devant un échafaudage.,extérieur,8.0,"Pose de briques, Rénovation façade",good,"Échafaudage métallique, Cales d'espacement, Bâches de protection, Fenêtres","Briques rouges, Mortier, Acier",Namur
IC_08,"Vue extérieure d'une façade en rénovation avec un maçon posant des briques de parement rouges sous une fenêtre PVC, entouré de piles de briques et de seaux de chantier.",extérieur,10.0,"Pose de briques, Rénovation façade",good,"Fenêtre PVC blanche, Maçon, Seaux de chantier, Cales d'espacement, Outils de maçonnerie","Briques de parement rouges, Mortier, Enduit, Graviers",Bordeaux
IC_09,Vue d'une toiture en tuiles sombres avec un intervenant travaillant sur une souche de cheminée équipée de conduits d'évacuation.,extérieur,5.0,"Travaux de toiture, Fumisterie",low,"Souche de cheminée, Conduit de cheminée en inox, Chapeau de cheminée, Tuiles, Ouvrier","Tuiles sombres, Acier inoxydable, Briques, Plastique",Nantes
IC_10,"Vue extérieure d'un mur en briques avec peinture écaillée et tuyau d'évacuation apparent, bordé par un terrain enherbé avec de la végétation fraîchement coupée, des planches de bois en vrac et un véhicule utilitaire stationné.",extérieur,17.0,"Rénovation façade, Nettoyage de chantier",good,"Mur en briques, Tuyau d'évacuation noir, Fourgonnette utilitaire, Végétation coupée, Tas de planches de bois","Briques, Peinture blanche écaillée, Bois, Herbe, Terre, Plastique",Toulouse
IC_11,"Vue extérieure d'une façade en briques rouges avec toiture en tuiles équipée de panneaux solaires photovoltaïques, gouttière et baie en briques de verre.",extérieur,14.0,"Pose panneaux solaires, Travaux de couverture",good,"Panneaux solaires photovoltaïques, Baie en briques de verre, Gouttière, Descente d'eau pluviale, Fenêtre de toit","Briques rouges, Tuiles, Verre, PVC, Métal",Marseille
IC_12,Vue extérieure d'une maison en cours de rénovation avec un échafaudage en place sur la façade recouverte de panneaux d'isolation thermique gris et un ouvrier au travail.,extérieur,45.0,"Rénovation façade, Isolation extérieure",good,"Échafaudage métallique, Fenêtres, Fenêtre de toit, Ouvrier, Voitures, Portail, Végétation","Panneaux isolants gris (PSE), Tuiles, Métal, Verre, Briques",Strasbourg
IC_13,"Vue rapprochée d'un pan de toiture recouvert de tuiles sombres présentant des traces de lichen, avec vue sur des jardins et des annexes en arrière-plan.",extérieur,13.0,"Nettoyage toiture, Rénovation toiture",good,"Tuiles, Profilé de finition de toit, Bâtiments annexes, Arbres, Serre","Tuiles, Métal, Végétation",Charleroi
IC_14,Vue extérieure d'un haut de façade en briques avec toiture en pente équipée de fenêtres de toit et présentant une corniche fortement détériorée.,extérieur,12.0,"Travaux de couverture, Rénovation façade",good,"Fenêtres de toit, Fenêtres, Corniche endommagée, Gouttière, Conduit de cheminée","Briques rouges, Tuiles, Bois, Métal, Verre",Montpellier
IC_15,"Vue d'un atelier ou chantier intérieur avec plusieurs cadres de menuiserie neufs en PVC blanc, recouverts de films de protection, posés au sol et en attente d'installation.",intérieur,4.O,Pose fenêtre,medium,"Cadres de fenêtres PVC, Films de protection, Table de travail, Débris d'usinage","PVC, Plastique, Métal",Anvers